timestamp,temperature,battery_voltage,signal_strength,current_draw,rotation_rate,packet_loss,solar_current,state
40,28.0,9.4,-61.0,4.2,0.12,0.6,1.2,POWER_ISSUE
11,25.3,12.6,-61.0,1.3,0.12,0.6,2.9,NORMAL
52,55.0,12.4,-60.0,1.3,0.12,0.5,2.7,SENSOR_ANOMALY
19,NaN,12.6,-94.0,1.4,0.14,15.5,2.8,COMMUNICATION_ISSUE
7,25.4,NaN,-62.0,1.2,0.12,0.5,2.7,NORMAL
33,26.5,10.5,-63.0,2.9,0.13,NaN,1.8,POWER_ISSUE
47,18.0,12.6,NaN,1.2,0.11,0.4,2.9,SENSOR_ANOMALY
24,26.9,12.4,-91.0,NaN,0.15,12.8,2.9,COMMUNICATION_ISSUE
58,50.0,12.4,-62.0,1.3,0.12,0.5,NaN,SENSOR_ANOMALY
3,24.5,12.6,-62.0,1.3,0.1,0.6,2.7,NORMAL
37,27.4,10.0,-63.0,3.6,0.12,0.6,1.5,POWER_ISSUE
16,26.2,12.5,-88.0,NaN,0.14,8.5,2.8,COMMUNICATION_ISSUE
44,28.7,8.6,-63.0,5.0,0.13,0.7,0.8,POWER_ISSUE
29,26.8,12.6,-92.0,1.3,0.13,13.7,2.7,COMMUNICATION_ISSUE
55,8.0,12.4,-63.0,1.3,0.12,0.5,2.8,SENSOR_ANOMALY
9,24.7,12.6,-60.0,1.3,0.11,0.4,2.8,NORMAL
31,26.0,10.9,-62.0,2.5,0.12,0.5,2.1,POWER_ISSUE
49,15.0,12.5,-61.0,1.3,0.12,0.5,2.7,SENSOR_ANOMALY
22,26.6,12.6,-89.0,1.3,0.14,10.5,2.7,COMMUNICATION_ISSUE
5,24.8,12.5,-61.0,1.2,0.12,0.5,2.9,NORMAL
41,28.1,9.2,-63.0,4.4,0.13,0.5,1.1,POWER_ISSUE
60,57.0,12.5,-63.0,1.4,0.13,0.6,2.7,SENSOR_ANOMALY
14,25.2,12.4,-61.0,1.4,0.12,0.6,2.8,NORMAL
27,27.3,12.4,-96.0,1.4,0.15,17.0,2.9,COMMUNICATION_ISSUE
51,10.0,12.5,-62.0,1.4,0.13,0.6,2.8,SENSOR_ANOMALY
34,26.8,10.8,-60.0,3.1,0.12,0.5,2.0,POWER_ISSUE
2,24.3,12.5,-60.0,1.1,0.11,0.4,2.9,NORMAL
18,26.7,12.5,-87.0,1.2,0.15,9.2,2.7,COMMUNICATION_ISSUE
56,62.0,12.6,-60.0,1.2,0.11,0.4,2.7,SENSOR_ANOMALY
8,25.1,12.4,-61.0,1.4,0.13,0.6,2.9,NORMAL
43,28.5,8.8,-61.0,4.8,0.12,0.5,0.9,POWER_ISSUE
20,26.8,12.4,-90.0,1.3,0.13,11.7,2.9,COMMUNICATION_ISSUE
35,27.0,10.4,-62.0,3.4,0.14,0.7,1.7,POWER_ISSUE
46,45.0,12.5,-61.0,1.3,0.12,0.5,2.8,SENSOR_ANOMALY
13,24.6,12.6,-63.0,1.2,0.1,0.5,2.7,NORMAL
28,27.0,12.5,-90.0,1.2,0.14,NaN,2.8,COMMUNICATION_ISSUE
39,27.8,9.6,-62.0,4.0,0.13,0.7,1.3,POWER_ISSUE
54,58.0,12.5,-62.0,1.4,0.13,0.6,2.9,SENSOR_ANOMALY
1,24.1,12.6,-61.0,1.2,0.12,0.5,2.8,NORMAL
25,27.1,12.5,-93.0,1.2,0.14,14.4,2.7,COMMUNICATION_ISSUE
42,28.3,9.0,-62.0,4.6,0.14,0.6,1.0,POWER_ISSUE
10,24.9,12.5,-62.0,1.2,0.1,0.5,2.7,NORMAL
50,60.0,12.6,-63.0,1.2,0.11,0.4,2.9,SENSOR_ANOMALY
17,26.5,12.4,-91.0,1.3,0.13,12.0,2.9,COMMUNICATION_ISSUE
38,27.6,9.8,-60.0,3.8,0.14,0.5,1.4,POWER_ISSUE
6,25.2,12.6,-60.0,1.3,0.11,0.4,2.8,NORMAL
30,27.2,12.5,-94.0,1.4,0.15,15.1,2.9,COMMUNICATION_ISSUE
57,14.0,12.5,-61.0,1.4,0.13,0.6,2.8,SENSOR_ANOMALY
21,27.0,12.5,-92.0,1.2,0.15,13.1,2.8,COMMUNICATION_ISSUE
45,29.0,8.4,-62.0,5.2,0.14,0.6,0.7,POWER_ISSUE
12,25.0,12.5,-60.0,1.1,0.11,0.4,2.8,NORMAL
53,12.0,12.6,-61.0,1.2,0.11,0.4,2.8,SENSOR_ANOMALY
23,27.2,12.5,-95.0,1.4,0.13,16.2,2.8,COMMUNICATION_ISSUE
36,27.2,10.2,-61.0,3.2,0.13,0.5,1.6,POWER_ISSUE
48,52.0,12.4,-62.0,1.4,0.13,0.6,2.8,SENSOR_ANOMALY
15,24.8,12.5,-62.0,1.3,0.13,0.5,2.9,NORMAL
32,26.2,10.7,-61.0,2.7,0.11,0.4,2.0,POWER_ISSUE
26,26.7,12.6,-88.0,1.3,0.13,9.8,2.8,COMMUNICATION_ISSUE
4,25.0,12.4,-63.0,1.4,0.13,0.7,2.8,NORMAL
59,16.0,12.6,-60.0,1.2,0.11,0.4,2.8,SENSOR_ANOMALY
